Wavelength,Intensity
0.000000,4477
0.000000,4470
0.000000,4416
0.000000,4472
0.000000,4443
0.000000,4385
0.000000,4423
0.000000,4460
0.000000,4457
0.000000,4441
0.000000,4419
0.000000,4433
0.000000,4452
0.000000,4434
0.000000,4437
0.000000,4449
0.000000,4483
0.000000,5062
0.000000,5303
0.000000,5198
0.000000,5380
0.000000,5429
0.000000,5256
0.000000,5546
0.000000,5768
0.000000,5404
0.000000,5202
0.000000,5305
0.000000,5354
0.000000,5322
0.000000,5635
0.000000,5684
0.000000,5545
0.000000,5520
0.000000,5552
0.000000,5648
0.000000,5672
0.000000,5596
0.000000,5669
0.000000,5561
0.000000,5537
0.000000,5748
0.000000,5764
0.000000,5653
0.000000,5545
0.000000,5526
719.797000,5507
719.640000,5869
719.483000,5616
719.325000,5517
719.168000,5607
719.011000,5646
718.854000,5682
718.697000,5617
718.540000,5523
718.383000,5487
718.225000,5426
718.068000,5598
717.911000,5585
717.754000,5754
717.597000,5800
717.440000,5768
717.283000,5512
717.125000,5605
716.968000,5802
716.811000,5678
716.654000,5656
716.497000,5672
716.340000,5450
716.183000,5390
716.025000,5571
715.868000,5850
715.711000,5702
715.554000,5500
715.397000,5781
715.240000,5670
715.083000,5451
714.926000,5633
714.768000,5497
714.611000,5537
714.454000,5545
714.297000,5514
714.140000,5484
713.983000,5581
713.826000,5525
713.668000,5330
713.511000,5536
713.354000,5647
713.197000,5606
713.040000,5612
712.883000,5443
712.726000,5468
712.568000,5630
712.411000,5763
712.254000,5507
712.097000,5327
711.940000,5644
711.783000,5761
711.626000,5621
711.468000,5649
711.311000,5756
711.154000,5715
710.997000,5612
710.840000,5688
710.683000,5675
710.526000,5665
710.368000,5630
710.211000,5663
710.054000,5571
709.897000,5526
709.740000,5779
709.583000,5680
709.426000,5460
709.268000,5464
709.111000,5481
708.954000,5526
708.797000,5476
708.640000,5474
708.483000,5660
708.326000,5675
708.168000,5851
708.011000,5640
707.854000,5370
707.697000,5556
707.540000,5614
707.383000,5724
707.226000,5752
707.068000,5648
706.911000,5682
706.754000,5628
706.597000,5456
706.440000,5604
706.283000,5798
706.126000,5648
705.968000,5368
705.811000,5499
705.654000,5469
705.497000,5455
705.340000,5552
705.183000,5495
705.026000,5467
704.868000,5521
704.711000,5457
704.554000,5505
704.397000,5791
704.240000,5690
704.083000,5663
703.926000,5508
703.768000,5611
703.611000,5816
703.454000,5595
703.297000,5614
703.140000,5672
702.983000,5801
702.826000,5616
702.668000,5603
702.511000,5764
702.354000,5498
702.197000,5384
702.040000,5580
701.883000,5819
701.726000,5618
701.569000,5492
701.411000,5610
701.254000,5564
701.097000,5551
700.940000,5555
700.783000,5450
700.626000,5558
700.469000,5626
700.311000,5311
700.154000,5706
699.997000,5774
699.840000,5592
699.683000,5611
699.526000,5638
699.369000,5793
699.211000,5851
699.054000,5565
698.897000,5510
698.740000,5549
698.583000,5623
698.426000,5526
698.269000,5452
698.111000,5325
697.954000,5420
697.797000,5416
697.640000,5769
697.483000,5892
697.326000,5596
697.169000,5504
697.011000,5745
696.854000,5834
696.697000,5561
696.540000,5622
696.388000,5643
696.236000,5603
696.085000,5533
695.933000,5549
695.781000,5564
695.629000,5606
695.478000,5530
695.326000,5320
695.174000,5358
695.022000,5565
694.871000,5441
694.719000,5709
694.567000,6005
694.415000,5866
694.264000,5758
694.112000,5398
693.960000,5379
693.808000,5467
693.657000,5433
693.505000,5369
693.353000,5401
693.201000,5490
693.050000,5631
692.898000,6003
692.746000,5837
692.594000,5654
692.443000,5891
692.291000,5797
692.139000,5974
691.987000,6064
691.836000,5815
691.684000,5795
691.532000,5869
691.380000,5717
691.229000,5546
691.077000,5596
690.925000,5579
690.773000,5499
690.622000,5684
690.470000,5628
690.318000,5558
690.166000,5740
690.015000,5710
689.863000,5710
689.711000,5776
689.559000,5858
689.408000,5650
689.256000,5812
689.104000,6196
688.952000,5851
688.801000,5712
688.649000,5876
688.497000,5757
688.345000,5547
688.194000,5636
688.042000,5770
687.890000,5599
687.738000,5646
687.587000,5801
687.435000,5838
687.283000,5872
687.131000,5573
686.980000,5619
686.828000,5490
686.676000,5510
686.524000,5807
686.373000,5909
686.221000,5670
686.069000,5559
685.917000,5760
685.766000,5560
685.614000,5411
685.462000,5549
685.310000,5602
685.159000,5607
685.007000,5777
684.855000,5695
684.703000,5464
684.552000,5577
684.400000,5764
684.248000,5865
684.096000,5644
683.945000,5636
683.793000,5819
683.641000,5600
683.489000,5752
683.338000,5649
683.186000,5503
683.034000,5446
682.882000,5560
682.731000,5756
682.579000,5659
682.427000,5371
682.275000,5558
682.124000,5780
681.972000,5842
681.820000,5673
681.668000,5685
681.517000,6150
681.365000,6018
681.213000,6001
681.061000,5942
680.910000,5523
680.758000,5584
680.606000,5778
680.454000,5718
680.303000,5752
680.151000,5802
679.999000,5583
679.847000,5383
679.696000,5539
679.544000,5602
679.392000,5596
679.240000,5476
679.089000,5502
678.937000,5546
678.785000,5600
678.633000,5519
678.482000,5425
678.330000,5902
678.178000,6125
678.026000,5704
677.875000,5569
677.723000,5501
677.571000,5484
677.419000,5760
677.268000,5915
677.116000,5766
676.964000,5536
676.812000,5767
676.661000,5781
676.509000,6159
676.357000,5873
676.205000,5472
676.054000,5760
675.902000,5775
675.750000,5698
675.598000,5774
675.447000,5488
675.295000,5507
675.143000,5977
674.991000,6217
674.840000,5883
674.688000,5675
674.536000,5630
674.384000,5692
674.233000,5789
674.081000,5678
673.929000,5785
673.777000,5580
673.626000,5511
673.474000,5651
673.322000,5905
673.170000,5798
673.019000,5490
672.867000,5512
672.715000,5895
672.563000,5990
672.412000,5767
672.260000,5741
672.108000,5669
671.956000,5591
671.805000,5953
671.653000,5973
671.501000,5765
671.349000,5814
671.198000,5695
671.046000,5602
670.894000,5746
670.742000,5632
670.591000,5731
670.439000,5792
670.287000,5750
670.135000,5672
669.984000,5726
669.832000,5899
669.680000,5595
669.528000,5461
669.377000,5710
669.225000,6137
669.073000,6035
668.921000,5691
668.770000,5697
668.618000,5830
668.466000,5752
668.314000,5734
668.163000,5955
668.011000,5910
667.859000,6121
667.707000,6026
667.556000,5737
667.404000,5778
667.252000,5692
667.100000,5869
666.948000,5883
666.797000,5834
666.645000,6217
666.493000,6576
666.342000,5872
666.190000,5649
666.038000,5917
665.886000,6195
665.734000,5825
665.583000,5980
665.431000,6377
665.279000,6289
665.127000,6230
664.976000,6319
664.824000,6387
664.672000,6354
664.520000,6235
664.369000,6112
664.217000,6548
664.065000,6595
663.913000,6956
663.762000,7153
663.610000,6955
663.458000,7133
663.306000,7114
663.155000,6718
663.003000,6892
662.851000,7412
662.699000,7153
662.548000,6830
662.396000,7293
662.244000,7345
662.092000,7280
661.941000,7641
661.789000,7511
661.637000,8006
661.485000,8281
661.334000,8629
661.182000,8889
661.030000,9057
660.878000,9351
660.727000,9924
660.575000,10199
660.423000,10601
660.271000,10480
660.120000,10674
659.968000,11265
659.816000,11456
659.664000,12123
659.513000,13064
659.361000,13687
659.209000,13799
659.057000,14387
658.906000,14309
658.754000,14325
658.602000,14259
658.450000,13462
658.299000,12294
658.147000,11423
657.995000,10883
657.843000,10714
657.692000,10189
657.540000,9692
657.388000,9044
657.236000,8470
657.085000,8581
656.933000,8019
656.781000,7893
656.629000,8240
656.478000,8115
656.326000,7754
656.174000,7663
656.022000,7546
655.871000,7598
655.719000,7167
655.567000,6961
655.415000,6680
655.264000,6848
655.112000,7035
654.960000,6675
654.808000,6494
654.657000,6376
654.505000,6345
654.353000,7056
654.201000,6950
654.050000,6675
653.898000,6691
653.746000,6344
653.594000,6407
653.443000,6498
653.291000,6332
653.139000,6302
652.987000,6375
652.836000,6304
652.684000,6395
652.532000,6392
652.380000,6508
652.229000,6664
652.077000,6477
651.925000,6308
651.773000,6379
651.622000,6568
651.470000,6558
651.318000,6389
651.166000,6435
651.015000,7017
650.863000,6633
650.711000,6441
650.559000,6722
650.408000,6581
650.256000,6118
650.104000,5958
649.952000,6255
649.801000,6071
649.649000,6003
649.497000,6311
649.345000,6276
649.194000,6490
649.042000,6162
648.890000,6242
648.738000,6804
648.587000,6774
648.435000,6260
648.283000,6347
648.131000,6214
647.980000,5996
647.828000,6365
647.676000,6165
647.524000,5828
647.373000,5872
647.221000,5931
647.069000,6032
646.917000,5988
646.766000,6445
646.614000,6136
646.462000,5979
646.310000,6352
646.159000,6387
646.007000,6185
645.855000,5953
645.703000,5848
645.552000,6156
645.400000,6001
645.248000,5936
645.096000,5834
644.945000,6067
644.793000,5887
644.641000,5767
644.489000,6003
644.338000,6027
644.186000,6208
644.034000,6107
643.882000,5841
643.731000,5907
643.579000,5959
643.427000,6202
643.275000,6113
643.124000,5720
642.972000,5865
642.820000,5997
642.668000,5983
642.517000,6055
642.365000,5964
642.213000,5990
642.061000,6081
641.910000,6075
641.758000,5888
641.606000,5883
641.454000,5904
641.303000,5924
641.151000,5626
640.999000,5956
640.847000,5963
640.696000,6308
640.544000,6142
640.392000,6306
640.240000,6507
640.089000,6233
639.937000,6203
639.785000,6142
639.633000,6247
639.482000,6182
639.330000,5786
639.178000,5995
639.026000,6040
638.875000,6222
638.723000,6168
638.571000,6043
638.419000,5747
638.268000,5913
638.116000,5723
637.964000,5777
637.812000,5816
637.661000,5828
637.509000,6032
637.357000,5905
637.205000,5942
637.053000,6109
636.902000,6099
636.750000,6072
636.598000,6011
636.447000,5793
636.295000,6030
636.143000,6076
635.991000,6203
635.839000,5994
635.688000,6009
635.536000,6197
635.384000,6069
635.232000,5988
635.081000,6275
634.929000,6253
634.777000,6026
634.625000,5694
634.474000,5696
634.322000,6068
634.170000,5856
634.018000,5741
633.867000,6028
633.715000,5871
633.563000,5667
633.411000,6071
633.260000,5887
633.108000,5623
632.956000,5722
632.804000,6251
632.653000,6463
632.501000,5874
632.349000,5691
632.197000,5658
632.046000,5627
631.894000,5892
631.742000,6115
631.590000,6228
631.439000,5964
631.287000,5907
631.135000,6252
630.983000,6233
630.832000,6574
630.680000,6330
630.528000,5993
630.376000,6079
630.225000,5868
630.073000,5854
629.921000,5723
629.769000,5872
629.618000,6251
629.466000,5960
629.314000,5910
629.162000,5864
629.011000,5960
628.859000,6074
628.707000,6224
628.555000,6317
628.404000,6159
628.252000,6104
628.100000,6257
627.948000,6203
627.797000,6007
627.645000,6284
627.493000,6154
627.341000,5992
627.190000,5860
627.038000,5770
626.886000,5682
626.734000,5893
626.583000,6087
626.431000,6169
626.279000,5903
626.127000,5816
625.976000,6055
625.824000,5902
625.672000,5717
625.520000,5632
625.369000,5907
625.217000,5880
625.065000,5902
624.913000,6447
624.762000,6568
624.610000,6126
624.458000,6000
624.306000,5796
624.155000,5858
624.003000,6027
623.851000,5865
623.699000,5988
623.548000,6128
623.396000,6257
623.244000,5988
623.092000,6112
622.941000,6329
622.789000,6024
622.637000,6300
622.485000,6414
622.334000,6229
622.182000,6362
622.030000,6178
621.878000,6130
621.727000,6561
621.575000,6491
621.423000,6453
621.271000,6092
621.120000,6274
620.968000,6507
620.816000,6398
620.664000,6263
620.513000,6177
620.361000,6276
620.209000,6075
620.057000,6604
619.906000,6688
619.754000,6554
619.602000,6618
619.450000,6445
619.299000,6334
619.147000,6406
618.995000,6553
618.843000,6647
618.692000,6235
618.540000,6178
618.388000,6583
618.236000,6444
618.085000,6091
617.933000,6490
617.781000,6462
617.629000,6063
617.478000,6104
617.326000,6318
617.174000,6485
617.022000,6055
616.871000,5845
616.719000,5843
616.567000,6068
616.415000,6189
616.264000,6179
616.112000,5926
615.960000,6540
615.808000,6481
615.657000,6438
615.505000,6537
615.353000,6130
615.201000,6035
615.050000,6551
614.898000,6510
614.746000,6133
614.594000,6068
614.443000,6047
614.291000,5943
614.139000,6036
613.987000,5956
613.836000,6350
613.684000,6409
613.532000,6609
613.380000,6292
613.229000,5926
613.077000,6279
612.925000,6303
612.773000,6166
612.622000,5969
612.470000,5886
612.318000,6194
612.166000,6137
612.015000,5837
611.863000,6429
611.711000,6501
611.559000,6050
611.408000,5848
611.256000,5792
611.104000,5752
610.952000,6030
610.801000,6086
610.649000,6031
610.497000,6036
610.345000,6109
610.194000,6305
610.042000,6338
609.890000,6158
609.738000,6090
609.587000,6267
609.435000,6291
609.283000,5935
609.131000,6202
608.980000,6122
608.828000,5764
608.676000,5949
608.524000,6197
608.373000,5925
608.221000,6093
608.069000,6180
607.917000,6322
607.766000,6185
607.614000,6256
607.462000,6006
607.310000,6136
607.159000,6201
607.007000,6045
606.855000,6054
606.703000,6109
606.552000,5917
606.400000,5977
606.248000,6111
606.096000,6060
605.944000,6140
605.793000,6072
605.641000,6226
605.489000,6049
605.337000,5840
605.186000,5714
605.034000,6007
604.882000,5890
604.730000,5792
604.579000,6265
604.427000,5994
604.275000,5983
604.123000,5872
603.972000,5609
603.820000,5913
603.668000,6222
603.516000,6148
603.365000,6075
603.213000,6212
603.061000,6380
602.909000,6060
602.758000,5918
602.606000,6533
602.454000,6545
602.302000,6064
602.151000,6011
601.999000,6011
601.847000,6100
601.695000,5946
601.544000,5776
601.392000,6012
601.240000,6060
601.088000,5993
600.937000,6199
600.785000,6106
600.633000,5886
600.481000,6305
600.330000,6259
600.178000,5863
600.026000,5850
599.874000,5811
599.723000,6179
599.571000,6350
599.419000,6245
599.267000,5982
599.116000,5971
598.964000,6472
598.812000,6250
598.660000,6030
598.509000,5986
598.357000,6425
598.205000,6776
598.053000,7105
597.902000,6658
597.750000,6387
597.598000,6515
597.446000,6527
597.295000,7411
597.143000,7693
596.991000,8175
596.839000,8775
596.688000,8604
596.536000,9344
596.384000,9238
596.232000,8541
596.081000,7692
595.929000,7434
595.777000,7982
595.625000,8336
595.474000,8027
595.322000,7738
595.170000,7772
595.018000,7367
594.867000,6686
594.715000,6672
594.563000,6539
594.411000,6620
594.260000,6500
594.108000,6271
593.956000,6265
593.804000,6328
593.653000,6224
593.501000,6083
593.349000,6217
593.197000,6140
593.046000,6314
592.894000,6855
592.742000,6853
592.590000,6982
592.439000,7340
592.287000,7661
592.135000,8715
591.983000,9054
591.832000,9498
591.680000,9364
591.528000,9760
591.376000,9521
591.225000,8281
591.073000,6834
590.921000,6641
590.769000,6611
590.618000,6027
590.466000,6146
590.314000,6026
590.162000,6135
590.011000,6314
589.859000,6139
589.707000,6390
589.555000,6417
589.404000,6325
589.252000,5826
589.100000,6026
588.948000,6104
588.797000,6038
588.645000,5987
588.493000,5960
588.341000,6287
588.190000,6673
588.038000,6310
587.886000,6269
587.734000,6335
587.583000,6308
587.431000,6150
587.279000,6054
587.127000,6364
586.976000,6298
586.824000,6080
586.672000,6315
586.520000,6016
586.369000,6053
586.217000,5984
586.065000,6295
585.913000,6345
585.762000,6354
585.610000,6381
585.458000,6325
585.306000,6238
585.155000,6488
585.003000,6197
584.851000,6054
584.699000,6354
584.548000,6499
584.396000,6296
584.244000,6130
584.092000,5835
583.941000,5908
583.789000,5781
583.637000,6074
583.485000,6197
583.334000,6192
583.182000,6087
583.030000,5991
582.878000,5691
582.727000,5816
582.575000,6155
582.423000,6230
582.271000,5969
582.120000,6275
581.968000,6220
581.816000,6516
581.664000,6567
581.513000,6347
581.361000,6077
581.209000,6199
581.057000,6300
580.906000,6184
580.754000,6122
580.602000,6207
580.450000,6539
580.299000,6739
580.147000,6680
579.995000,6351
579.843000,6246
579.692000,6163
579.540000,6067
579.388000,6117
579.236000,6178
579.085000,6342
578.933000,6198
578.781000,6093
578.629000,5962
578.478000,5894
578.326000,5858
578.174000,6307
578.022000,6225
577.871000,5855
577.719000,5786
577.567000,6277
577.415000,6173
577.264000,6288
577.112000,6010
576.960000,6155
576.811000,6261
576.662000,6170
576.512000,6049
576.363000,6022
576.214000,6053
576.065000,5878
575.915000,5863
575.766000,6257
575.617000,6361
575.468000,6757
575.318000,6418
575.169000,6252
575.020000,6063
574.871000,5991
574.722000,5999
574.572000,6227
574.423000,6396
574.274000,6526
574.125000,6664
573.975000,6652
573.826000,6427
573.677000,7073
573.528000,7265
573.379000,7382
573.229000,7514
573.080000,7261
572.931000,6796
572.782000,6437
572.632000,6144
572.483000,7040
572.334000,6820
572.185000,6542
572.036000,6545
571.886000,6663
571.737000,6951
571.588000,7324
571.439000,7783
571.289000,8433
571.140000,8576
570.991000,9586
570.842000,10697
570.692000,11997
570.543000,13547
570.394000,15231
570.245000,16226
570.096000,15703
569.946000,14353
569.797000,12435
569.648000,11276
569.499000,10716
569.349000,10271
569.200000,10776
569.051000,11154
568.902000,11249
568.753000,10020
568.603000,8685
568.454000,7695
568.305000,7196
568.156000,7143
568.006000,6843
567.857000,6881
567.708000,6884
567.559000,6888
567.409000,6263
567.260000,6221
567.111000,6271
566.962000,6071
566.813000,6398
566.663000,6513
566.514000,6333
566.365000,6403
566.216000,6369
566.066000,6295
565.917000,6280
565.768000,6566
565.619000,6455
565.470000,6036
565.320000,6336
565.171000,6615
565.022000,6541
564.873000,6362
564.723000,6149
564.574000,5865
564.425000,6507
564.276000,6628
564.126000,6334
563.977000,6007
563.828000,6079
563.679000,6101
563.530000,6300
563.380000,6246
563.231000,6641
563.082000,6341
562.933000,6319
562.783000,6563
562.634000,6369
562.485000,5927
562.336000,6214
562.187000,6636
562.037000,6504
561.888000,6288
561.739000,6317
561.590000,6474
561.440000,6151
561.291000,6302
561.142000,6425
560.993000,6621
560.843000,6845
560.694000,7065
560.545000,6916
560.396000,6284
560.247000,5974
560.097000,6240
559.948000,6272
559.799000,6567
559.650000,6828
559.500000,6386
559.351000,5924
559.202000,5977
559.053000,6046
558.904000,6273
558.754000,6278
558.605000,6528
558.456000,6492
558.307000,6457
558.157000,6475
558.008000,6184
557.859000,6503
557.710000,6537
557.560000,6592
557.411000,6704
557.262000,6427
557.113000,6667
556.964000,7086
556.814000,7041
556.665000,6948
556.516000,7036
556.367000,7561
556.217000,7688
556.068000,7450
555.919000,7516
555.770000,8051
555.621000,8153
555.471000,7585
555.322000,7163
555.173000,7111
555.024000,6956
554.874000,6805
554.725000,6639
554.576000,6648
554.427000,6582
554.277000,6393
554.128000,6475
553.979000,6502
553.830000,6296
553.681000,6051
553.531000,6292
553.382000,6731
553.233000,6494
553.084000,6175
552.934000,6220
552.785000,6656
552.636000,6847
552.487000,7057
552.338000,7440
552.188000,7397
552.039000,7413
551.890000,7361
551.741000,6880
551.591000,6940
551.442000,7156
551.293000,6799
551.144000,6610
550.994000,6957
550.845000,6937
550.696000,6968
550.547000,6645
550.398000,6983
550.248000,7221
550.099000,7147
549.950000,6723
549.801000,6265
549.651000,6707
549.502000,6766
549.353000,6786
549.204000,6786
549.055000,6819
548.905000,6504
548.756000,6484
548.607000,6813
548.458000,6525
548.308000,6656
548.159000,6866
548.010000,7088
547.861000,7244
547.712000,7218
547.562000,7029
547.413000,6880
547.264000,6682
547.115000,6270
546.965000,6802
546.816000,6707
546.667000,6842
546.518000,6546
546.368000,6483
546.219000,6675
546.070000,6636
545.924000,6561
545.777000,6869
545.631000,6904
545.484000,6515
545.338000,6171
545.192000,6289
545.045000,6442
544.899000,6703
544.753000,6685
544.606000,6614
544.460000,6868
544.313000,6705
544.167000,6625
544.021000,6718
543.874000,6513
543.728000,6536
543.581000,6359
543.435000,6411
543.289000,6510
543.142000,6155
542.996000,6391
542.849000,6782
542.703000,6954
542.557000,6513
542.410000,6217
542.264000,6296
542.118000,6644
541.971000,6568
541.825000,6274
541.678000,6217
541.532000,6594
541.386000,6964
541.239000,6604
541.093000,6460
540.946000,6363
540.800000,6656
540.654000,6995
540.507000,6385
540.361000,6603
540.214000,6808
540.068000,6886
539.922000,6646
539.775000,6436
539.629000,6546
539.483000,6552
539.336000,6490
539.190000,6579
539.043000,6669
538.897000,6531
538.751000,6457
538.604000,6908
538.458000,6832
538.311000,6874
538.165000,6936
538.019000,6788
537.872000,6862
537.726000,7256
537.580000,7118
537.433000,6723
537.287000,6612
537.140000,6312
536.994000,6532
536.848000,6835
536.701000,6955
536.555000,7057
536.408000,6522
536.262000,6277
536.116000,6407
535.969000,7020
535.823000,6743
535.676000,6645
535.530000,6663
535.384000,6230
535.237000,6380
535.091000,6860
534.945000,6501
534.798000,6883
534.652000,6817
534.505000,7238
534.359000,7252
534.213000,6774
534.066000,6821
533.920000,7083
533.773000,6892
533.627000,6501
533.481000,6793
533.334000,6506
533.188000,6417
533.041000,6717
532.895000,6912
532.749000,6566
532.602000,6813
532.456000,6942
532.310000,7024
532.163000,7133
532.017000,6956
531.870000,6497
531.724000,6589
531.578000,6448
531.431000,6511
531.285000,6731
531.138000,6428
530.992000,6504
530.846000,6751
530.699000,6555
530.553000,6454
530.407000,6604
530.260000,6700
530.114000,6473
529.967000,6720
529.821000,6560
529.675000,6255
529.528000,6488
529.382000,6334
529.235000,6415
529.089000,6613
528.943000,6754
528.796000,6786
528.650000,6868
528.503000,6741
528.357000,6916
528.211000,7109
528.064000,6732
527.918000,6897
527.772000,6547
527.625000,7221
527.479000,7511
527.332000,7218
527.186000,6655
527.040000,6735
526.893000,6771
526.747000,6582
526.600000,6938
526.454000,6722
526.308000,6715
526.161000,6511
526.015000,6725
525.868000,7344
525.722000,7012
525.576000,6850
525.429000,7064
525.283000,7518
525.137000,7560
524.990000,7855
524.844000,8382
524.697000,9547
524.551000,10279
524.405000,10258
524.258000,9187
524.112000,8196
523.965000,7572
523.819000,7520
523.673000,7961
523.526000,7794
523.380000,7778
523.234000,7518
523.087000,6947
522.941000,7118
522.794000,7207
522.648000,7131
522.502000,7412
522.355000,7283
522.209000,7591
522.062000,7908
521.916000,7945
521.770000,7584
521.623000,7646
521.477000,7855
521.330000,8567
521.184000,9475
521.038000,9948
520.891000,10456
520.745000,11454
520.599000,11602
520.452000,11573
520.306000,11151
520.159000,11159
520.013000,10820
519.867000,10317
519.720000,9404
519.574000,8543
519.427000,8390
519.281000,8345
519.135000,7595
518.988000,7825
518.842000,8131
518.695000,7766
518.549000,7728
518.403000,8015
518.256000,9161
518.110000,9432
517.964000,8924
517.817000,8723
517.671000,7982
517.524000,7425
517.378000,7766
517.232000,7445
517.085000,7165
516.939000,7194
516.792000,7710
516.646000,7488
516.500000,7536
516.353000,7478
516.207000,7663
516.061000,7100
515.914000,6939
515.768000,7338
515.621000,7362
515.475000,7501
515.329000,7064
515.182000,6979
515.036000,7297
514.889000,7556
514.743000,7222
514.597000,6756
514.450000,6773
514.304000,6993
514.157000,6892
514.011000,7308
513.865000,7494
513.718000,7734
513.572000,8675
513.426000,9755
513.279000,9711
513.133000,8317
512.986000,7242
512.840000,7156
512.694000,6896
512.547000,6895
512.401000,6876
512.254000,7247
512.108000,7438
511.962000,7670
511.815000,7524
511.669000,7256
511.522000,7044
511.376000,7320
511.230000,7317
511.083000,7520
510.937000,8012
510.791000,8088
510.644000,8051
510.498000,7674
510.351000,7868
510.205000,7995
510.059000,7702
509.912000,7609
509.766000,7696
509.619000,7548
509.473000,7529
509.327000,7569
509.180000,7729
509.034000,7724
508.887000,7565
508.741000,7591
508.595000,7964
508.448000,8602
508.302000,8832
508.156000,8936
508.009000,8891
507.863000,9186
507.716000,10139
507.570000,11325
507.424000,11547
507.277000,11469
507.131000,10240
506.984000,9086
506.838000,8338
506.692000,8251
506.545000,8312
506.399000,8326
506.253000,8114
506.106000,8634
505.960000,8953
505.813000,9248
505.667000,10065
505.521000,10158
505.374000,10507
505.228000,11280
505.081000,11667
504.935000,11433
504.789000,12000
504.642000,13212
504.496000,14609
504.349000,16436
504.203000,19292
504.057000,23022
503.910000,27286
503.764000,32110
503.618000,37119
503.471000,41714
503.325000,43994
503.178000,43162
503.032000,40072
502.886000,33842
502.739000,26981
502.593000,21334
502.446000,18268
502.300000,16740
502.154000,15345
502.007000,13583
501.861000,12609
501.714000,11519
501.568000,10867
501.422000,10232
501.275000,9216
501.129000,8646
500.983000,8071
500.836000,8450
500.690000,8152
500.543000,8187
500.397000,8490
500.251000,8138
500.104000,7838
499.958000,7977
499.811000,8308
499.665000,8079
499.519000,7626
499.372000,7705
499.226000,8387
499.080000,8240
498.933000,8420
498.787000,8747
498.640000,8796
498.494000,8483
498.348000,8813
498.201000,8438
498.055000,8682
497.908000,8956
497.762000,8883
497.616000,9123
497.469000,9464
497.323000,9998
497.176000,9911
497.030000,9772
496.884000,9475
496.737000,9854
496.591000,9738
496.445000,9005
496.298000,9163
496.152000,9220
496.005000,9592
495.859000,9228
495.713000,8768
495.566000,8901
495.420000,9673
495.273000,9612
495.127000,9303
494.981000,8810
494.834000,9578
494.688000,9669
494.541000,9040
494.395000,9113
494.249000,9633
494.102000,9052
493.956000,8862
493.810000,9231
493.663000,9214
493.517000,9662
493.370000,9419
493.224000,9143
493.078000,8794
492.931000,9515
492.785000,9590
492.638000,9762
492.492000,10269
492.346000,10185
492.199000,9672
492.053000,9984
491.907000,9998
491.760000,9717
491.614000,10116
491.467000,10235
491.321000,10096
491.175000,10150
491.028000,10428
490.882000,10284
490.735000,10501
490.589000,11045
490.443000,10760
490.296000,10473
490.150000,10602
490.003000,10890
489.857000,11098
489.711000,11186
489.564000,11969
489.418000,11718
489.272000,11946
489.125000,11735
488.979000,11481
488.832000,11800
488.686000,11760
488.540000,11499
488.393000,11652
488.247000,11415
488.100000,11235
487.954000,10750
487.808000,11452
487.661000,11341
487.515000,10949
487.368000,11370
487.222000,10973
487.076000,10777
486.929000,10155
486.783000,10031
486.637000,10126
486.490000,9954
486.344000,9802
486.197000,10053
486.051000,10007
485.905000,9566
485.758000,9446
485.612000,9454
485.465000,9404
485.319000,9766
485.173000,10066
485.026000,9732
484.880000,9934
484.734000,9927
484.587000,9824
484.441000,10055
484.294000,10334
484.148000,10971
484.002000,11419
483.855000,12047
483.709000,12311
483.562000,13011
483.416000,13777
483.270000,14771
483.123000,14445
482.977000,13042
482.830000,11883
482.684000,11388
482.538000,11318
482.391000,11177
482.245000,11203
482.099000,11763
481.952000,11704
481.806000,12028
481.659000,12128
481.513000,11897
481.367000,11681
481.220000,11149
481.074000,11248
480.927000,11550
480.781000,11024
480.635000,10793
480.488000,10117
480.342000,10196
480.195000,9818
480.049000,9634
479.903000,9424
479.756000,9880
479.610000,9358
479.464000,8817
479.317000,8839
479.171000,9088
479.024000,9376
478.878000,9487
478.732000,9603
478.585000,9457
478.439000,9356
478.292000,9191
478.146000,9068
478.000000,9267
477.853000,9361
477.707000,9248
477.561000,9476
477.414000,9555
477.268000,9889
477.121000,9702
476.975000,9266
476.829000,9315
476.682000,9147
476.536000,8727
476.389000,8597
476.243000,9060
476.097000,8470
475.950000,8943
475.804000,8795
475.657000,8904
475.511000,9063
475.365000,9532
475.218000,9579
475.072000,9726
474.926000,9697
474.779000,9987
474.633000,10241
474.486000,10611
474.340000,10908
474.194000,11229
474.047000,12006
473.901000,13163
473.754000,13750
473.608000,14647
473.462000,15486
473.315000,15925
473.169000,15522
473.022000,15203
472.876000,15131
472.730000,14395
472.583000,13151
472.437000,12688
472.291000,12020
472.144000,11574
471.998000,10791
471.851000,10399
471.705000,10499
471.559000,10040
471.412000,10373
471.266000,10857
471.119000,11070
470.973000,11232
470.827000,11943
470.680000,12231
470.534000,12971
470.388000,12757
470.241000,12263
470.095000,12041
469.948000,11736
469.802000,10810
469.656000,11026
469.509000,11699
469.363000,11875
469.216000,11930
469.070000,12341
468.924000,12933
468.777000,12267
468.631000,12604
468.484000,12635
468.338000,13736
468.192000,16463
468.045000,18474
467.899000,21247
467.753000,23078
467.606000,22409
467.460000,21878
467.313000,23117
467.167000,25047
467.021000,25845
466.874000,24321
466.728000,21664
466.581000,19975
466.435000,20246
466.289000,22262
466.142000,25126
465.996000,28938
465.849000,29359
465.703000,24546
465.557000,19243
465.410000,16002
465.264000,15415
465.118000,15552
464.971000,15461
464.825000,14819
464.678000,14139
464.532000,13859
464.386000,13846
464.239000,14345
464.093000,14467
463.946000,14454
463.800000,15134
463.654000,16432
463.507000,16691
463.361000,16277
463.215000,16023
463.068000,16284
462.922000,16619
462.775000,15751
462.629000,14634
462.483000,14278
462.336000,13779
462.190000,13523
462.043000,13591
461.897000,13479
461.751000,13281
461.604000,11625
461.458000,10555
461.311000,9632
461.165000,9511
461.019000,9206
460.872000,8790
460.726000,8829
460.580000,8902
460.433000,8874
460.287000,8853
460.140000,9328
459.994000,9137
459.848000,8927
459.701000,8665
459.555000,8519
459.408000,8734
459.262000,9218
459.116000,9283
458.969000,9420
458.823000,9357
458.676000,9458
458.530000,9081
458.384000,9514
458.237000,9923
458.091000,9696
457.945000,9412
457.798000,9842
457.652000,10010
457.505000,10054
457.359000,9321
457.213000,9564
457.066000,10319
456.920000,10330
456.773000,10372
456.627000,10195
456.481000,10492
456.334000,10859
456.188000,10538
456.042000,10882
455.895000,11136
455.749000,11256
455.602000,11405
455.456000,11078
455.310000,11196
455.163000,10884
455.017000,10852
454.870000,10891
454.724000,11172
454.578000,11504
454.431000,11341
454.285000,11903
454.138000,11712
453.992000,11590
453.846000,11763
453.699000,11244
453.553000,11209
453.407000,10739
453.260000,10461
453.114000,10003
452.967000,9954
452.821000,10300
452.675000,9977
452.528000,10273
452.382000,11120
452.235000,11306
452.089000,10891
451.943000,11100
451.796000,10988
451.650000,10759
451.503000,10232
451.357000,10840
451.211000,11208
451.064000,10891
450.918000,10802
450.772000,10686
450.625000,10798
450.479000,10977
450.332000,10414
450.186000,10409
450.040000,10539
449.893000,10325
449.747000,10543
449.600000,11460
449.454000,11965
449.308000,12064
449.161000,12124
449.015000,11998
448.869000,11544
448.722000,11635
448.576000,11780
448.429000,12203
448.283000,12555
448.137000,13189
447.990000,14001
447.844000,15622
447.697000,17666
447.551000,20761
447.405000,23586
447.258000,22599
447.112000,19697
446.965000,16871
446.819000,15162
446.673000,15088
446.526000,15261
446.380000,15209
446.234000,15875
446.087000,15930
445.941000,15840
445.794000,15825
445.648000,15326
445.502000,15008
445.355000,14979
445.209000,14760
445.062000,14109
444.916000,13815
444.770000,15030
444.623000,15826
444.477000,16960
444.330000,18443
444.184000,19143
444.038000,18101
443.891000,16008
443.745000,13917
443.599000,13057
443.452000,12631
443.306000,12876
443.159000,12804
443.013000,12580
442.867000,12269
442.720000,11747
442.574000,11774
442.427000,12244
442.281000,12312
442.135000,11683
441.988000,11620
441.842000,11806
441.696000,11511
441.549000,11843
441.403000,12018
441.256000,12698
441.110000,13446
440.964000,13308
440.817000,13125
440.671000,13194
440.524000,13534
440.378000,13032
440.232000,12656
440.085000,12643
439.939000,12344
439.792000,12365
439.646000,12764
439.500000,13118
439.353000,13286
439.207000,13357
439.061000,12921
438.914000,12631
438.768000,12670
438.621000,12952
438.475000,13267
438.329000,13610
438.182000,14016
438.036000,15135
437.889000,15843
437.743000,17396
437.597000,19636
437.450000,20503
437.304000,20082
437.157000,18605
437.011000,17215
436.865000,15765
436.718000,14124
436.572000,13323
436.426000,13129
436.279000,13105
436.133000,13415
435.986000,13226
435.840000,12359
435.697000,12459
435.554000,12833
435.411000,12533
435.268000,13142
435.125000,13000
434.982000,13061
434.839000,12913
434.696000,13061
434.553000,13610
434.410000,14080
434.267000,14033
434.124000,13638
433.981000,13083
433.838000,12013
433.695000,11608
433.552000,12066
433.409000,12684
433.265000,13035
433.122000,13166
432.979000,12821
432.836000,13219
432.693000,13323
432.550000,12943
432.407000,13560
432.264000,13659
432.121000,14213
431.978000,14091
431.835000,13523
431.692000,13094
431.549000,12849
431.406000,12596
431.263000,12849
431.120000,12807
430.977000,13252
430.834000,13324
430.691000,13879
430.548000,14107
430.405000,14153
430.262000,14639
430.119000,15969
429.976000,16814
429.833000,17829
429.690000,18683
429.547000,17933
429.404000,17148
429.261000,16508
429.118000,16182
428.975000,15559
428.832000,14973
428.689000,14757
428.546000,14945
428.403000,14902
428.260000,15208
428.117000,15328
427.973000,15870
427.830000,16295
427.687000,16939
427.544000,17450
427.401000,18029
427.258000,18319
427.115000,19727
426.972000,20636
426.829000,21113
426.686000,21685
426.543000,22153
426.400000,22809
426.257000,22909
426.114000,22167
425.971000,21076
425.828000,19995
425.685000,18999
425.542000,18463
425.399000,17896
425.256000,17675
425.113000,17061
424.970000,15921
424.827000,15454
424.684000,14703
424.541000,14107
424.398000,13775
424.255000,13292
424.112000,13188
423.969000,13301
423.826000,14033
423.683000,14055
423.540000,14082
423.397000,14373
423.254000,14869
423.111000,14392
422.968000,14318
422.825000,14082
422.681000,14372
422.538000,15091
422.395000,15287
422.252000,15211
422.109000,15379
421.966000,15829
421.823000,16584
421.680000,17561
421.537000,18640
421.394000,18442
421.251000,17392
421.108000,17526
420.965000,16964
420.822000,16505
420.679000,16212
420.536000,16540
420.393000,16618
420.250000,16815
420.107000,17000
419.964000,16855
419.821000,16605
419.678000,16097
419.535000,15190
419.392000,15120
419.249000,14983
419.106000,14517
418.963000,13876
418.820000,13969
418.677000,14074
418.534000,14455
418.391000,15001
418.248000,15374
418.105000,15037
417.962000,15169
417.819000,15212
417.676000,14607
417.532000,14831
417.389000,14738
417.246000,14769
417.103000,15152
416.960000,15332
416.817000,14540
416.674000,13839
416.531000,13432
416.388000,13572
416.245000,13548
416.102000,14036
415.959000,13922
415.816000,14124
415.673000,14299
415.530000,13637
415.387000,12815
415.244000,12910
415.101000,13758
414.958000,15138
414.815000,16795
414.672000,18057
414.529000,18065
414.386000,17387
414.243000,15821
414.100000,14401
413.957000,14639
413.814000,15491
413.671000,15966
413.528000,17054
413.385000,17307
413.242000,17369
413.099000,17853
412.956000,19263
412.813000,20013
412.670000,20070
412.527000,20598
412.383000,21284
412.240000,22285
412.097000,22566
411.954000,21113
411.811000,19487
411.668000,18419
411.525000,18453
411.382000,19219
411.239000,19544
411.096000,19324
410.953000,19060
410.810000,18867
410.667000,20167
410.524000,21503
410.381000,23888
410.238000,26754
410.095000,30634
409.952000,32842
409.809000,32585
409.666000,31286
409.523000,28515
409.380000,24072
409.237000,20140
409.094000,17848
408.951000,16341
408.808000,16479
408.665000,16414
408.522000,15744
408.379000,15981
408.236000,16863
408.093000,16957
407.950000,16365
407.807000,17340
407.664000,18577
407.521000,18711
407.378000,19814
407.235000,21179
407.091000,23002
406.948000,24492
406.805000,25714
406.662000,26861
406.519000,26813
406.376000,26374
406.233000,25472
406.090000,24597
405.947000,23688
405.804000,22175
405.661000,20434
405.518000,19459
405.375000,18068
405.232000,17400
405.089000,16964
404.946000,15468
404.803000,15153
404.660000,14408
404.521000,14305
404.382000,13536
404.243000,13020
404.104000,13644
403.965000,13654
403.826000,13634
403.687000,13107
403.549000,13006
403.410000,13058
403.271000,13384
403.132000,13740
402.993000,13457
402.854000,14010
402.715000,15653
402.576000,19084
402.437000,23369
402.298000,28833
402.159000,34201
402.020000,36578
401.881000,32190
401.742000,24260
401.603000,17761
401.464000,14258
401.326000,12794
401.187000,11928
401.048000,12010
400.909000,13029
400.770000,12338
400.631000,11521
400.492000,12276
400.353000,12665
400.214000,12838
400.075000,13874
399.936000,15239
399.797000,17285
399.658000,17760
399.519000,19970
399.380000,21512
399.241000,19220
399.103000,15240
398.964000,12778
398.825000,12906
398.686000,13205
398.547000,13545
398.408000,14306
398.269000,15594
398.130000,15821
397.991000,15368
397.852000,14213
397.713000,12867
397.574000,12256
397.435000,12460
397.296000,12918
397.157000,13824
397.019000,14042
396.880000,14769
396.741000,15211
396.602000,16389
396.463000,17779
396.324000,20047
396.185000,24326
396.046000,30584
395.907000,29726
395.768000,23112
395.629000,16455
395.490000,13187
395.351000,11916
395.212000,12665
395.073000,12894
394.934000,13516
394.796000,14476
394.657000,15366
394.518000,15303
394.379000,14133
394.240000,12934
394.101000,12136
393.962000,11671
393.823000,11668
393.684000,10888
393.545000,10575
393.406000,11203
393.267000,10571
393.128000,10152
392.989000,10347
392.850000,10720
392.711000,10588
392.573000,10353
392.434000,10401
392.295000,10097
392.156000,10107
392.017000,9927
391.878000,10082
391.739000,10181
391.600000,10538
391.461000,10674
391.322000,11751
391.183000,12831
391.044000,13726
390.905000,14306
390.766000,13183
390.627000,12611
390.489000,12813
390.350000,12461
390.211000,12164
390.072000,11890
389.933000,12242
389.794000,12251
389.655000,12751
389.516000,13419
389.377000,13659
389.238000,13990
389.099000,14802
388.960000,16868
388.821000,18188
388.682000,16642
388.543000,16035
388.404000,15523
388.266000,14222
388.127000,13652
387.988000,13728
387.849000,13848
387.710000,14247
387.571000,14018
387.432000,14053
387.293000,14547
387.154000,14439
387.015000,14684
386.876000,14889
386.737000,14123
386.598000,13510
386.459000,13064
386.320000,12598
386.181000,12469
386.043000,12156
385.904000,11963
385.765000,10844
385.626000,10419
385.487000,10366
385.348000,10319
385.209000,10201
385.070000,10481
384.931000,10081
384.792000,10102
384.653000,10306
384.514000,10029
384.375000,10744
384.236000,10667
384.097000,10701
383.959000,10767
383.820000,10063
383.681000,9347
383.542000,9270
383.403000,9645
383.264000,9764
383.125000,9678
382.986000,9604
382.847000,9843
382.708000,9972
382.569000,9893
382.430000,9083
382.291000,9294
382.152000,9818
382.013000,9397
381.874000,8912
381.736000,9566
381.597000,9239
381.458000,9163
381.319000,9116
381.180000,9253
381.041000,9594
380.902000,9155
380.763000,9546
380.624000,9688
380.485000,9308
380.346000,9412
380.207000,9749
380.068000,10134
379.929000,10163
379.790000,10400
379.651000,10501
379.513000,10276
379.374000,9565
379.235000,9185
379.096000,9448
378.957000,10194
378.818000,10379
378.679000,10609
378.540000,10405
378.401000,10460
378.262000,10054
378.123000,10409
377.984000,10989
377.845000,11208
377.706000,11404
377.567000,10791
377.429000,9677
377.290000,9281
377.151000,9453
377.012000,9446
376.873000,9115
376.734000,9670
376.595000,9806
376.456000,8964
376.317000,8430
376.178000,8238
376.039000,8415
375.900000,9244
375.761000,9553
375.622000,9935
375.483000,9058
375.344000,8350
375.206000,8623
375.067000,8808
374.928000,8408
374.789000,8197
374.650000,8946
374.511000,9291
374.372000,9259
374.233000,9382
374.094000,9550
373.955000,8894
373.816000,8924
373.677000,9010
373.538000,8773
373.399000,8593
373.260000,8257
373.121000,7858
372.983000,7502
372.844000,7175
372.705000,7346
372.566000,7161
372.427000,7619
372.288000,7470
372.149000,7555
372.010000,7950
371.871000,7450
371.732000,7910
371.593000,7553
371.454000,7420
371.315000,7380
371.176000,7056
371.037000,6948
370.899000,7090
370.760000,6653
370.621000,7104
370.482000,7606
370.343000,7360
370.204000,6950
370.065000,7002
369.926000,7421
369.787000,6928
369.648000,6584
369.509000,7017
369.370000,6950
369.231000,7488
369.092000,7580
368.953000,7315
368.814000,7754
368.676000,7986
368.537000,8069
368.398000,7752
368.259000,7871
368.120000,7379
367.981000,6779
367.842000,6782
367.703000,7515
367.564000,7445
367.425000,7235
367.286000,7783
367.147000,8193
367.008000,7931
366.869000,7875
366.730000,7501
366.591000,7335
366.453000,7108
366.314000,7135
366.175000,7083
366.036000,6973
365.897000,6998
365.758000,7118
365.619000,7100
365.480000,7181
365.342000,7607
365.203000,7470
365.065000,7383
364.926000,7919
364.788000,8190
364.650000,8185
364.511000,7937
364.373000,8385
364.235000,8330
364.096000,8801
363.958000,8107
363.819000,7884
363.681000,7957
363.543000,7769
363.404000,7489
363.266000,7844
363.127000,8162
362.989000,8472
362.851000,8378
362.712000,8175
362.574000,8619
362.435000,8898
362.297000,8657
362.159000,8263
362.020000,8388
361.882000,8009
361.744000,8084
361.605000,7882
361.467000,8248
361.328000,8203
361.190000,7829
361.052000,7290
360.913000,7711
360.775000,7903
360.636000,7875
360.498000,8174
360.360000,8148
360.221000,8185
360.083000,8332
359.945000,7936
359.806000,7407
359.668000,7387
359.529000,7688
359.391000,7574
359.253000,7798
359.114000,8239
358.976000,8500
358.837000,8258
358.699000,8453
358.561000,7874
358.422000,7472
358.284000,7759
358.146000,7541
358.007000,7982
357.869000,7962
357.730000,7490
357.592000,7737
357.454000,8098
357.315000,8101
357.177000,7966
357.038000,7814
356.900000,7567
356.762000,7343
356.623000,7491
356.485000,7487
356.347000,7439
356.208000,7749
356.070000,7834
355.931000,7616
355.793000,7868
355.655000,8034
355.516000,8040
355.378000,7550
355.239000,7567
355.101000,7692
354.963000,7688
354.824000,7484
354.686000,7121
354.547000,7592
354.409000,7289
354.271000,7550
354.132000,7973
353.994000,7818
353.856000,7467
353.717000,7411
353.579000,7452
353.440000,7622
353.302000,7442
353.164000,7383
353.025000,7563
352.887000,7536
352.748000,7787
352.610000,7890
352.472000,7981
352.333000,8321
352.195000,7863
352.057000,8156
351.918000,7981
351.780000,7520
351.641000,7360
351.503000,7315
351.365000,7288
351.226000,7537
351.088000,7795
350.949000,7888
350.811000,7939
350.673000,8407
350.534000,8584
350.396000,8132
350.258000,8171
350.119000,8250
349.981000,7951
349.842000,8105
349.704000,7950
349.566000,7492
349.427000,8152
349.289000,7981
349.150000,7814
349.012000,7818
348.874000,7445
348.735000,7681
348.597000,7945
348.458000,7746
348.320000,8300
348.182000,8480
348.043000,8225
347.905000,8005
347.767000,7693
347.628000,7994
347.490000,8247
347.351000,9118
347.213000,10601
347.075000,11271
346.936000,11967
346.798000,12940
346.659000,11927
346.521000,10163
346.383000,9120
346.244000,8217
346.106000,8312
345.968000,8053
345.829000,8336
345.691000,8705
345.552000,8287
345.414000,8040
345.276000,7560
345.137000,7567
344.999000,7651
344.860000,7798
344.722000,8041
344.584000,8189
344.445000,8318
344.307000,8833
344.169000,9019
344.030000,9305
343.892000,9166
343.753000,9185
343.615000,8384
343.477000,8031
343.338000,8226
343.200000,8036
343.061000,7962
342.923000,7835
342.785000,7687
342.646000,7943
342.508000,7953
342.370000,7815
342.231000,8587
342.093000,8990
341.954000,8697
341.816000,8670
341.678000,8545
341.539000,8279
341.401000,8328
341.262000,8060
341.124000,9339
340.986000,9879
340.847000,10151
340.709000,10555
340.570000,10076
340.432000,8982
340.294000,8919
340.155000,8499
340.017000,8705
339.879000,9664
339.740000,9685
339.602000,9425
339.463000,9662
339.325000,9749
339.187000,9798
339.048000,9378
338.910000,9314
338.771000,9412
338.633000,9266
338.495000,9037
338.356000,9119
338.218000,9247
338.080000,9903
337.941000,10593
337.803000,11050
337.664000,11408
337.526000,12464
337.388000,12607
337.249000,12300
337.111000,11501
336.972000,11132
336.834000,11871
336.696000,12714
336.557000,13987
336.419000,15440
336.281000,16005
336.142000,16114
336.004000,15068
335.865000,13925
335.727000,12446
335.589000,12017
335.450000,11762
335.312000,10754
335.173000,10358
335.035000,10808
334.897000,10646
334.758000,9791
334.620000,9168
334.481000,9260
334.343000,9367
334.205000,8892
334.066000,8904
333.928000,10172
333.790000,10259
333.651000,10289
333.513000,10073
333.374000,9591
333.236000,9096
333.098000,8941
332.959000,9104
332.821000,9084
332.682000,9058
332.544000,9167
332.406000,9304
332.267000,9205
332.129000,9252
331.991000,9705
331.852000,9671
331.714000,9358
331.575000,9539
331.437000,9617
331.299000,9432
331.160000,9703
331.022000,10069
330.883000,10801
330.745000,13335
330.607000,16119
330.468000,20611
330.330000,22138
330.192000,18341
330.053000,13460
329.915000,10582
329.776000,9719
329.638000,9982
329.500000,9966
329.361000,9737
329.223000,9270
329.084000,9284
328.946000,9198
328.808000,8933
328.669000,8519
328.531000,8745
328.392000,9762
328.254000,10767
328.116000,12828
327.977000,17097
327.839000,23758
327.701000,27746
327.562000,24374
327.424000,18011
327.285000,12213
327.147000,9319
327.009000,9186
326.870000,9111
326.732000,8794
326.593000,8743
326.455000,8881
326.317000,8590
326.178000,8540
326.040000,8827
325.902000,8886
325.763000,8838
325.625000,8838
325.486000,9194
325.348000,9418
325.210000,9161
325.071000,8298
324.933000,8405
324.794000,9260
324.656000,9030
324.518000,9661
324.379000,9782
324.241000,8785
324.103000,8557
323.964000,8815
323.826000,8971
323.687000,9220
323.549000,9454
323.411000,10019
323.272000,9296
323.134000,9722
322.995000,10155
322.857000,9112
322.719000,9191
322.580000,9281
322.442000,8805
322.303000,8850
322.165000,9337
322.027000,9365
321.888000,9149
321.750000,9168
321.612000,9379
321.473000,9436
321.335000,10089
321.196000,10215
321.058000,10463
320.920000,11684
320.781000,12226
320.643000,12116
320.504000,10830
320.366000,9352
320.228000,8809
320.089000,8406
319.951000,8389
319.813000,8737
319.674000,8861
319.536000,9299
319.397000,9369
319.259000,9143
319.121000,9580
318.982000,10106
318.844000,10289
318.705000,10164
318.567000,9811
318.429000,9763
318.290000,9653
318.152000,10511
318.014000,11093
317.875000,10830
317.737000,10455
317.598000,10782
317.460000,10797
317.322000,10615
317.183000,10513
317.045000,10520
316.906000,10567
316.768000,10908
316.630000,11292
316.491000,11308
316.353000,12427
316.214000,13935
316.076000,16799
315.938000,20850
315.799000,22022
315.661000,18935
315.523000,14291
315.384000,11655
315.246000,10425
315.107000,9676
314.969000,9242
314.831000,9559
314.692000,9884
314.554000,9267
314.415000,9575
314.277000,9496
314.139000,9737
314.000000,10415
313.862000,10945
313.724000,10909
313.585000,10444
313.447000,9448
313.308000,9656
313.170000,9631
313.036000,9884
312.902000,9675
312.769000,9889
312.635000,10271
312.501000,10095
312.367000,10130
312.234000,10087
312.100000,9955
311.966000,10024
311.832000,9704
311.699000,9151
311.565000,9879
311.431000,9715
311.297000,9294
311.164000,9726
311.030000,10505
310.896000,11581
310.762000,12551
310.629000,13381
310.495000,13115
310.361000,11590
310.227000,10656
310.094000,11037
309.960000,10945
309.826000,11337
309.692000,11625
309.559000,11154
309.425000,10172
309.291000,9990
309.157000,10136
309.024000,9173
308.890000,8707
308.756000,9133
308.622000,8939
308.489000,9118
308.355000,9385
308.221000,10490
308.087000,12377
307.954000,13753
307.820000,13303
307.686000,12441
307.552000,11779
307.419000,10970
307.285000,10087
307.151000,9803
307.017000,10010
306.884000,9649
306.750000,9988
306.616000,10055
306.482000,10485
306.349000,10575
306.215000,11131
306.081000,10645
305.947000,10403
305.814000,10711
305.680000,10715
305.546000,11470
305.412000,12882
305.279000,13328
305.145000,12487
305.011000,12012
304.877000,11245
304.744000,10878
304.610000,11174
304.476000,11231
304.342000,11121
304.209000,10891
304.075000,11626
303.941000,12356
303.807000,12714
303.674000,12172
303.540000,11570
303.406000,11193
303.272000,10872
303.139000,10908
303.005000,10905
302.871000,10858
302.737000,10754
302.604000,11089
302.470000,11606
302.336000,10900
302.202000,10478
302.069000,10956
301.935000,10965
301.801000,10979
301.667000,11196
301.534000,11263
301.400000,11233
301.266000,11502
301.132000,11414
300.998000,11201
300.865000,11491
300.731000,11978
300.597000,12391
300.463000,11815
300.330000,10681
300.196000,10523
300.062000,10310
299.928000,9965
299.795000,10268
299.661000,10607
299.527000,10739
299.393000,10780
299.260000,10154
299.126000,10104
298.992000,10611
298.858000,10567
298.725000,10147
298.591000,9888
298.457000,10382
298.323000,10835
298.190000,11218
298.056000,11116
297.922000,11393
297.788000,12094
297.655000,12487
297.521000,12911
297.387000,11868
297.253000,11392
297.120000,11454
296.986000,11719
296.852000,13117
296.718000,14646
296.585000,14596
296.451000,14097
296.317000,12371
296.183000,11118
296.050000,10691
295.916000,10185
295.782000,10834
295.648000,11521
295.515000,11980
295.381000,11974
295.247000,11205
295.113000,10790
294.980000,10733
294.846000,10938
294.712000,10625
294.578000,10777
294.445000,10206
294.311000,9795
294.177000,10702
294.043000,11452
293.910000,10975
293.776000,10356
293.642000,10586
293.508000,10652
293.375000,10386
293.241000,10284
293.107000,10203
292.973000,10054
292.840000,10075
292.706000,10735
292.572000,11105
292.438000,10983
292.305000,10614
292.171000,10798
292.037000,10646
291.903000,10359
291.770000,10233
291.636000,9944
291.502000,10395
291.368000,10227
291.235000,10669
291.101000,11097
290.967000,10711
290.833000,10528
290.700000,10100
290.566000,9769
290.432000,9768
290.298000,9656
290.165000,10076
290.031000,10200
289.897000,10662
289.763000,11393
289.630000,11509
289.496000,11193
289.362000,10828
289.228000,10065
289.094000,9548
288.961000,9615
288.827000,9947
288.693000,10010
288.559000,10300
288.426000,10973
288.292000,11301
288.158000,11727
288.024000,11204
287.891000,10309
287.757000,9844
287.623000,9353
287.489000,9305
287.356000,9445
287.222000,9247
287.088000,9268
286.954000,10001
286.821000,11087
286.687000,11278
286.553000,11334
286.419000,11332
286.286000,11970
286.152000,12661
286.018000,12315
285.884000,11131
285.751000,10984
285.617000,10523
285.483000,10411
285.349000,11035
285.216000,10717
285.082000,10204
284.948000,10153
284.814000,9717
284.681000,9586
284.547000,9179
284.413000,9144
284.279000,9264
284.146000,9466
284.012000,9636
283.878000,10719
283.744000,12764
283.611000,15145
283.477000,20533
283.343000,28511
283.209000,31072
283.076000,27263
282.942000,24097
282.808000,26722
282.674000,34836
282.541000,40059
282.407000,34454
282.273000,24728
282.139000,16583
282.006000,12980
281.872000,11860
281.738000,10906
281.604000,9904
281.471000,9564
281.337000,9961
281.203000,10038
281.069000,10507
280.936000,11076
280.802000,11826
280.668000,12234
280.534000,12279
280.401000,11843
280.267000,11348
280.133000,10571
279.999000,10292
279.866000,10681
279.732000,11884
279.598000,12965
279.464000,13550
279.331000,13211
279.197000,11842
279.063000,10368
278.929000,9365
278.796000,9231
278.662000,9127
278.528000,9084
278.394000,9524
278.261000,9114
278.127000,9481
277.993000,9542
277.859000,9328
277.726000,9231
277.592000,8745
277.458000,8860
277.324000,9733
277.190000,10471
277.057000,10907
276.923000,10324
276.789000,10099
276.655000,9811
276.522000,9018
276.388000,9013
276.254000,9233
276.120000,9746
275.987000,9597
275.853000,9482
275.719000,9973
275.585000,10600
275.452000,12455
275.318000,12982
275.184000,13479
275.050000,13751
274.917000,15100
274.783000,15862
274.649000,15741
274.515000,14441
274.382000,12515
274.248000,11357
274.114000,10327
273.980000,10181
273.847000,10547
273.713000,11165
273.579000,12044
273.445000,13811
273.312000,16029
273.178000,16966
273.044000,16442
272.910000,15254
272.777000,13461
272.643000,12206
272.509000,11215
272.375000,10701
272.242000,9516
272.108000,9324
271.974000,9384
271.840000,10195
271.707000,10894
271.573000,10805
271.439000,10942
271.305000,10947
271.172000,10723
271.038000,10833
270.904000,10595
270.770000,10865
270.637000,10849
270.503000,10932
270.369000,10627
270.235000,10902
270.102000,11340
269.968000,11138
269.834000,11483
269.700000,11934
269.567000,12710
269.433000,13524
269.299000,13175
269.165000,12206
269.032000,11636
268.898000,12015
268.764000,13413
268.630000,13836
268.497000,13314
268.363000,12291
268.229000,11177
268.095000,10285
267.962000,10276
267.828000,9965
267.694000,9930
267.560000,9459
267.427000,9045
267.293000,8558
267.159000,8160
267.025000,8112
266.892000,8539
266.758000,8962
266.624000,9144
266.490000,9745
266.357000,10486
266.223000,10559
266.089000,9827
265.955000,9524
265.822000,10047
265.688000,10209
265.554000,9738
265.420000,9916
265.286000,10506
265.153000,10838
265.019000,11033
264.885000,10912
264.751000,11279
264.618000,11095
264.484000,11468
264.350000,11738
264.216000,11231
264.083000,10613
263.949000,10708
263.815000,11290
263.681000,12750
263.548000,13713
263.414000,14300
263.280000,15454
263.146000,15610
263.013000,14857
262.879000,14112
262.745000,12812
262.611000,12055
262.478000,10872
262.344000,9996
262.210000,9322
262.076000,9376
261.943000,10976
261.809000,11981
261.675000,12160
261.541000,12449
261.408000,11094
261.274000,10522
261.140000,11505
261.006000,13606
260.873000,16717
260.739000,17680
260.605000,16546
260.471000,14219
260.338000,13627
260.204000,16112
260.070000,17875
259.936000,17715
259.803000,16882
259.669000,14655
259.535000,11960
259.401000,11381
259.268000,12407
259.134000,13157
259.000000,12814
258.866000,11834
258.733000,11400
258.599000,11769
258.465000,14315
258.331000,16160
258.198000,17055
258.064000,15894
257.930000,13885
257.796000,12938
257.663000,11960
257.529000,11277
257.395000,11411
257.261000,11272
257.128000,11215
256.994000,11029
256.860000,11091
256.726000,11068
256.593000,10889
256.459000,12119
256.325000,12836
256.191000,12670
256.058000,12560
255.924000,12207
255.790000,11793
255.656000,11508
255.523000,11924
255.389000,11510
255.255000,11176
255.121000,12296
254.988000,13421
254.854000,13954
254.720000,13711
254.586000,12872
254.453000,12848
254.319000,12407
254.185000,11927
254.051000,12396
253.918000,13667
253.784000,14350
253.650000,14278
253.517000,14201
253.384000,13673
253.251000,12849
253.119000,11878
252.986000,11096
252.853000,12536
252.720000,14063
252.587000,14158
252.454000,14178
252.321000,13548
252.189000,13096
252.056000,13714
251.923000,15081
251.790000,18567
251.657000,21553
251.524000,20623
251.391000,18402
251.259000,15625
251.126000,14044
250.993000,13355
250.860000,13654
250.727000,15141
250.594000,18242
250.461000,18609
250.329000,16434
250.196000,13813
250.063000,11747
249.930000,12052
249.797000,11769
249.664000,11994
249.531000,13135
249.398000,13735
249.266000,14057
249.133000,13476
249.000000,12340
248.867000,11389
248.734000,10351
248.601000,10760
248.468000,10900
248.336000,10948
248.203000,10629
248.070000,10079
247.937000,9963
247.804000,10460
247.671000,11227
247.538000,12121
247.406000,13059
247.273000,13291
247.140000,12381
247.007000,10208
246.874000,9308
246.741000,9630
246.608000,9437
246.476000,8982
246.343000,9825
246.210000,11082
246.077000,11593
245.944000,11570
245.811000,12103
245.678000,12534
245.546000,12481
245.413000,12544
245.280000,12392
245.147000,11796
245.014000,11986
244.881000,12201
244.748000,12533
244.616000,12348
244.483000,11714
244.350000,10170
244.217000,9610
244.084000,9539
243.951000,9782
243.818000,10762
243.686000,11238
243.553000,11019
243.420000,10427
243.287000,10002
243.154000,9934
243.021000,9912
242.888000,9900
242.756000,9784
242.623000,10591
242.490000,12512
242.357000,16276
242.224000,17767
242.091000,16813
241.958000,15182
241.826000,13658
241.693000,13697
241.560000,13376
241.427000,11864
241.294000,10595
241.161000,10623
241.028000,10252
240.895000,10535
240.763000,11094
240.630000,10822
240.497000,10983
240.364000,10313
240.231000,9708
240.098000,10214
239.965000,10427
239.833000,10479
239.700000,12434
239.567000,15797
239.434000,16212
239.301000,14456
239.168000,12151
239.035000,10754
238.903000,10983
238.770000,10579
238.637000,9510
238.504000,9128
238.371000,8531
238.238000,8438
238.105000,8473
237.973000,8463
237.840000,8710
237.707000,8958
237.574000,9225
237.441000,9735
237.308000,10031
237.175000,9509
237.043000,9186
236.910000,9251
236.777000,10384
236.644000,11182
236.511000,10815
236.378000,10350
236.245000,10197
236.113000,9706
235.980000,9595
235.847000,10199
235.714000,9842
235.581000,9350
235.448000,9824
235.315000,9666
235.183000,10169
235.050000,12101
234.917000,12081
234.784000,11681
234.651000,10731
234.518000,9847
234.385000,8912
234.253000,8173
234.120000,8636
233.987000,9240
233.854000,9047
233.721000,8717
233.588000,9168
233.455000,9026
233.322000,8590
233.190000,9014
233.057000,9399
232.924000,9821
232.791000,10737
232.658000,11495
232.525000,11441
232.392000,10878
232.260000,11478
232.127000,15408
231.994000,18682
231.861000,19365
231.728000,16091
231.595000,12959
231.462000,11265
231.330000,9906
231.197000,9674
231.064000,9511
230.931000,8744
230.798000,8848
230.665000,9385
230.532000,10161
230.400000,10145
230.267000,9316
230.134000,9233
230.001000,10110
229.868000,10664
229.735000,9318
229.602000,8429
229.470000,9012
229.337000,9645
229.204000,10077
229.071000,10327
228.938000,10488
228.805000,11128
228.672000,12381
228.540000,12015
228.407000,10726
228.274000,10019
228.141000,9346
228.008000,10112
227.875000,10371
227.742000,10467
227.610000,9702
227.477000,10674
227.344000,13549
227.211000,17163
227.078000,21610
226.945000,28168
226.812000,26634
226.679000,21226
226.547000,21531
226.414000,21505
226.281000,18784
226.148000,15434
226.015000,12970
225.882000,11411
225.749000,11659
225.617000,11508
225.484000,11325
225.351000,12449
225.218000,15141
225.085000,18626
224.952000,20141
224.819000,18617
224.687000,15655
224.554000,13594
224.421000,12648
224.288000,12180
224.155000,11982
224.022000,15968
223.889000,18645
223.757000,18121
223.624000,16320
223.491000,13520
223.358000,11311
223.225000,12781
223.092000,14880
222.959000,14348
222.827000,12856
222.694000,12394
222.561000,13660
222.428000,13261
222.295000,12556
222.162000,12076
222.029000,13016
221.897000,12679
221.764000,11911
221.631000,12136
221.498000,13029
221.365000,18000
221.232000,23220
221.099000,24141
220.967000,23787
220.834000,19640
220.701000,16118
220.568000,13478
220.435000,11714
220.302000,11137
220.169000,12251
220.037000,15124
219.904000,18406
219.771000,17472
219.638000,15067
219.505000,13551
219.372000,12098
219.239000,10893
219.107000,10703
218.974000,10207
218.841000,9247
218.708000,9790
218.575000,11080
218.442000,11677
218.309000,12553
218.176000,12797
218.044000,12617
217.911000,11900
217.778000,10897
217.645000,10257
217.512000,9534
217.379000,9737
217.246000,11733
217.114000,12169
216.981000,12086
216.848000,13192
216.715000,13523
216.582000,13315
216.449000,12688
216.316000,11944
216.184000,10919
216.051000,10110
215.918000,9894
215.785000,10961
215.652000,13093
215.519000,20664
215.386000,26297
215.254000,22702
215.121000,17136
214.988000,13256
214.855000,11033
214.722000,10310
214.589000,10580
214.456000,13965
214.324000,15630
214.191000,16387
214.058000,16232
213.925000,13486
213.792000,11702
213.659000,11152
213.526000,11237
213.394000,11388
213.261000,10179
213.128000,10116
212.995000,14038
212.862000,14512
212.729000,12648
212.596000,11333
212.464000,10664
212.331000,11728
212.198000,13464
212.065000,13731
211.932000,12515
211.799000,11309
211.666000,10706
211.534000,11591
211.401000,11309
211.268000,11412
211.135000,12564
211.002000,13329
210.869000,12491
210.736000,11688
210.603000,11698
210.471000,11945
210.338000,10856
210.205000,10203
210.072000,9972
209.939000,9116
209.806000,8610
209.673000,9287
209.541000,12498
209.408000,13721
209.275000,11980
209.142000,11084
209.009000,9948
208.876000,8774
208.743000,8519
208.611000,8708
208.478000,8762
208.345000,8881
208.212000,9387
208.079000,9930
207.946000,10086
207.813000,10525
207.681000,10000
207.548000,9784
207.415000,9342
207.282000,10036
207.149000,10899
207.016000,13464
206.883000,14358
206.751000,11973
206.618000,10364
206.485000,10140
206.352000,10079
206.219000,10319
206.086000,10745
205.953000,12317
205.821000,16448
205.688000,15288
205.555000,12294
205.422000,10804
205.289000,11328
205.156000,16213
205.023000,19631
204.891000,17712
204.758000,14194
204.625000,12590
204.492000,11734
204.359000,11633
204.226000,10944
204.093000,11781
203.961000,13767
203.828000,13164
203.695000,11344
203.562000,10024
203.429000,9299
203.296000,8664
203.163000,8420
203.030000,8888
202.898000,10093
202.765000,10200
202.632000,9579
202.499000,9194
202.366000,8863
202.233000,9100
202.100000,9825
201.968000,10765
201.835000,10206
201.702000,9238
201.569000,8455
201.436000,8382
201.303000,10947
201.170000,13235
201.038000,11963
200.905000,10974
200.772000,9756
200.639000,8508
200.506000,8677
200.373000,9249
200.240000,10319
200.108000,11027
199.975000,10059
199.842000,9061
199.709000,8764
199.576000,9265
199.443000,8677
199.310000,8347
199.178000,9705
199.045000,10430
198.912000,9973
198.779000,9643
198.646000,9183
198.513000,8663
198.380000,8594
198.248000,7960
198.115000,7209
0.000000,6428
0.000000,8663
0.000000,8594
0.000000,7960
0.000000,7209
0.000000,6428
0.000000,5232
0.000000,4659
0.000000,4613
0.000000,4660
0.000000,4668
0.000000,4634
0.000000,4611
0.000000,4632
0.000000,5966
